columns,weights
Platform,-4.726504796734671e-06
Year_of_Release,-4.691627219635956e-06
Genre,1.2694895363612613e-06
Publisher,-4.5782132378906925e-07
NA_Sales,0.9998866907323425
EU_Sales,1.0000172642500997
JP_Sales,0.9999405448940528
Other_Sales,0.9996408292817168
Critic_Score,-2.798117405819701e-06
Critic_Count,-3.3674860686557875e-06
User_Score,-2.0244984510013987e-05
User_Count,-7.307718046905805e-08
Developer,-4.694916357604346e-08
Rating,2.0206347361589785e-05
