,columns,weights
0,Platform,1.5409595929663653e-05
1,Year_of_Release,1.4300449924266562e-05
2,Genre,1.9175897796155855e-05
3,Publisher,1.2417504162485602e-05
4,NA_Sales,1.0
5,EU_Sales,0.7002905067812136
6,JP_Sales,0.24712613791571839
7,Other_Sales,0.255512113834844
8,Critic_Score,1.308720932116149e-05
9,Critic_Count,9.881309540569728e-06
10,User_Score,1.4089809596239783e-05
11,User_Count,0.0
12,Developer,1.691400090963025e-05
13,Rating,2.2258395165192055e-05
